basin,hour,rain_mm,eff_mm,q_cms
default,0.0,0.2936275447954131,0.0,0.0
default,0.25,0.2964561072895435,0.0,0.0
default,0.5,0.3022883837884933,0.0,0.0
default,0.75,0.3083667035789972,0.0,0.0
default,1.0,0.3147072358610217,0.0,0.0
default,1.25,0.3213276104820011,0.0,0.0
default,1.5,0.3282470875424792,0.0,0.0
default,1.75,0.33548675128457717,0.0,0.0
default,2.0,0.34306973242269123,0.0,0.0
default,2.25,0.3510214639230753,0.0,0.0
default,2.5,0.3593699762664073,0.0,0.0
default,2.75,0.36814623951318026,0.0,0.0
default,3.0,0.37738456108098717,0.0,0.0
default,3.25,0.38712305015167203,0.0,0.0
default,3.5,0.39740416212623586,0.0,0.0
default,3.75,0.40827533975749475,0.0,0.0
default,4.0,0.4197897716417174,0.0,0.0
default,4.25,0.4320072940002433,0.0,0.0
default,4.5,0.44499546843604776,0.0,0.0
default,4.75,0.458830877199091,0.0,0.0
default,5.0,0.4736006890867088,0.0,0.0
default,5.25,0.4894045645302185,0.0,0.0
default,5.5,0.5063569890311896,0.0,0.0
default,5.75,0.5245901520162306,0.0,0.0
default,6.0,0.5442575263075469,0.0,0.0
default,6.25,0.9121559384581133,0.0,0.0
default,6.5,0.9471306310045406,0.0,0.0
default,6.75,0.9851499844175464,0.0,0.0
default,7.0,1.0266419766978174,0.0,0.0
default,7.25,1.0721200236203003,0.0,0.0
default,7.5,1.1222056332976535,0.0,0.0
default,7.75,1.177658724149751,0.0001084213897209038,0.0
default,8.0,1.2394188277624494,0.020623463417360842,3.2286994029879055e-05
default,8.25,1.3086620514538936,0.059332254952244284,0.006239016905177337
default,8.5,1.3868813522809091,0.10311541082866563,0.0364071806941659
default,8.75,1.4760021330931181,0.15311846928602355,0.12028831003564101
default,9.0,1.5785528398364477,0.21085748999186027,0.30324026381745434
default,9.25,3.6464890756801083,0.6601277548919248,0.6456639650464513
default,9.5,3.887347844304884,0.9453043092383655,1.3250706783843869
default,9.75,4.171456942580761,1.2603118196660317,2.5770765322240456
default,10.0,4.512669515120507,1.6167000127454907,4.673512523173688
default,10.25,4.93175726441936,2.031592187802283,8.000357546706018
default,10.5,5.46149691471237,2.5318254090310397,12.950383305861886
default,10.75,6.8934601343220265,3.5603919836395157,19.798167912137366
default,11.0,7.90604032308201,4.508222566406696,28.890461107133454
default,11.25,9.41016305484149,5.857105943545882,40.64290136181687
default,11.5,11.954121206799414,8.064556615207657,55.65767386834892
default,11.75,17.57964423939616,12.841233284338088,75.01141838638193
default,12.0,89.64425412604291,75.37959654927197,100.84416503706923
default,12.25,24.80392245026617,22.433371867872097,153.2946405723136
default,12.5,14.087345731670354,12.915160259866298,236.43455193175296
default,12.75,10.489684563843866,9.685801568123225,346.7180521374234
default,13.0,8.575050247539565,7.9570836904227065,489.8894937085955
default,13.25,7.355700521643286,6.851427275842468,646.0275529650139
default,13.5,6.498644946998894,6.071631920622394,775.5087332473661
default,13.75,5.180051883963728,4.851415862021298,860.4615192884432
default,14.0,4.710796887907463,4.420538449430865,897.8589657666505
default,14.25,4.333832627800263,4.073745562763406,896.0847974163111
default,14.5,4.0232532646598145,3.787540558446608,861.7249999830256
default,14.75,3.7621910064792132,3.5465994827988823,803.944496758681
default,15.0,3.5391529107296265,3.3404660242082116,723.0990185844025
default,15.25,1.5254108932906547,1.440977448356449,639.63119823322
default,15.5,1.429937659225459,1.351434829513039,557.7159682996385
default,15.75,1.3465411581827311,1.273181536764298,474.746367791434
default,16.0,1.2730203105688815,1.2041642842645501,401.5382212365174
default,16.25,1.2076832409825329,1.142804086527292,337.7075672868891
default,16.5,1.1492073082506522,1.0878660342156365,285.3604202503021
default,16.75,1.0965430521837902,1.0383698904370533,241.31710653776986
default,17.0,1.0488467438603948,0.9935272851346042,205.19943462920173
default,17.25,1.0054320489128372,0.9526966894463271,175.17426825921402
default,17.5,0.9657347551948305,0.9153505477810882,149.58275741431464
default,17.75,0.9292866129413824,0.8810508929570346,128.19073834778294
default,18.0,0.8956956475257698,0.8494309888548912,111.16306529266807
default,18.25,0.5342340239203054,0.5067452953188649,97.36924171896283
default,18.5,0.5153044325534211,0.48886411638062555,85.92848076562692
default,18.75,0.4977293993292733,0.47225993644181585,76.33533775679638
default,19.0,0.4813665917246226,0.4567987455586149,68.74484850088275
default,19.25,0.4660930717502083,0.442364776975154,62.23983947885207
default,19.5,0.4518020890757839,0.4288574928678486,56.41994320337703
default,19.75,0.4384004916198023,0.4161891501125865,51.1069538500512
default,20.0,0.4258066189764236,0.40428281967598423,46.39569900631979
default,20.25,0.4139485766380062,0.3930707638125739,42.14094836930269
default,20.5,0.4027628129119307,0.3824930977196175,38.325308274945925
default,20.75,0.3921929382532312,0.3724966790325368,34.99885432227765
default,21.0,0.3821887400759465,0.363034181068997,32.18141186868722
default,21.25,0.37270535623963497,0.35406331524387724,29.81377817971569
default,21.5,0.36370257811984175,0.3455461753216298,27.82705479153382
default,21.75,0.35514426012247213,0.33744868176054865,26.169779314570324
default,22.0,0.34699781711179867,0.32974010873314796,24.822975325323196
default,22.25,0.3392337948286013,0.3223926797963088,23.70850091043562
default,22.5,0.33182550119340704,0.3153812208314264,22.777977239624104
default,22.75,0.32474868865091366,0.3086828610005341,21.97661498293827
default,23.0,0.3179812794761574,0.3022767741214807,21.27407394534123
default,23.25,0.31150312740510344,0.2961439542210371,20.640062734739736
default,23.5,0.305295810093412,0.29026702009787186,20.05991569378217
default,23.75,0.29934244784396924,0.284630044605791,19.52687118192116
default,24.0,0.0,0.0,19.033071612319333
default,24.25,0.0,0.0,18.4849696452846
default,24.5,0.0,0.0,17.796593631434952
default,24.75,0.0,0.0,16.90243193265252
default,25.0,0.0,0.0,15.697639385434764
default,25.25,0.0,0.0,14.14785689649711
default,25.5,0.0,0.0,12.362488136883433
default,25.75,0.0,0.0,10.482596481978891
default,26.0,0.0,0.0,8.636889848761472
default,26.25,0.0,0.0,6.908740759361143
default,26.5,0.0,0.0,5.36089432845042
default,26.75,0.0,0.0,4.024497438700449
default,27.0,0.0,0.0,2.947047842422548
default,27.25,0.0,0.0,2.095604923652189
default,27.5,0.0,0.0,1.4416864323842287
default,27.75,0.0,0.0,0.9812137623411521
default,28.0,0.0,0.0,0.6657383735066346
default,28.25,0.0,0.0,0.4601068726095294
default,28.5,0.0,0.0,0.3222510920804442
default,28.75,0.0,0.0,0.23095946518265542
default,29.0,0.0,0.0,0.16697365192984168
default,29.25,0.0,0.0,0.12038763304544106
default,29.5,0.0,0.0,0.0878561154262508
default,29.75,0.0,0.0,0.06553174505730454
default,30.0,0.0,0.0,0.04767273118416457
default,30.25,0.0,0.0,0.033570016145416305
default,30.5,0.0,0.0,0.02314521291643821
default,30.75,0.0,0.0,0.01621725450853196
default,31.0,0.0,0.0,0.01070117675859357
default,31.25,0.0,0.0,0.006567514807587732
default,31.5,0.0,0.0,0.0037880699672538007
default,31.75,0.0,0.0,0.002166136751755349
default,32.0,0.0,0.0,0.0010002051673599756
default,32.25,0.0,0.0,0.0002810934137640917
default,32.5,0.0,0.0,0.0
default,32.75,0.0,0.0,0.0
default,33.0,0.0,0.0,0.0
default,33.25,0.0,0.0,0.0
default,33.5,0.0,0.0,0.0
